company,model,year,kms_driven,fuel_type,Price
Hyundai,Santro,2007.0,45000.0,Petrol,80000.0
Mahindra,Jeep,2006.0,40.0,Diesel,425000.0
Hyundai,Grand,2014.0,28000.0,Petrol,325000.0
Ford,EcoSport,2014.0,36000.0,Diesel,575000.0
Ford,Figo,2012.0,41000.0,Diesel,175000.0
Hyundai,Eon,2013.0,25000.0,Petrol,190000.0
Ford,EcoSport,2016.0,24530.0,Diesel,830000.0
Maruti,Suzuki,2015.0,60000.0,Petrol,250000.0
Skoda,Fabia,2010.0,60000.0,Petrol,182000.0
Maruti,Suzuki,2015.0,30000.0,Petrol,315000.0
Hyundai,Elite,2014.0,32000.0,Petrol,415000.0
Mahindra,Scorpio,2015.0,48660.0,Diesel,320000.0
Hyundai,Santro,2007.0,45000.0,Petrol,80000.0
Mahindra,Jeep,2006.0,40.0,Diesel,425000.0
Audi,A8,2017.0,4000.0,Petrol,1000000.0
Audi,Q7,2014.0,16934.0,Diesel,500000.0
Mahindra,Scorpio,2016.0,43000.0,Diesel,350000.0
Maruti,Suzuki,2014.0,35550.0,Petrol,160000.0
Mahindra,Scorpio,2016.0,43000.0,Diesel,350000.0
Mahindra,Scorpio,2016.0,39522.0,Diesel,310000.0
Maruti,Suzuki,2015.0,39000.0,Petrol,75000.0
Hyundai,i20,2012.0,55000.0,Petrol,100000.0
Hyundai,i20,2012.0,55000.0,Petrol,100000.0
Hyundai,i20,2012.0,55000.0,Petrol,100000.0
Maruti,Suzuki,2017.0,72000.0,Petrol,190000.0
Maruti,Suzuki,2016.0,15975.0,Diesel,290000.0
Maruti,Suzuki,2008.0,70000.0,Petrol,95000.0
Mahindra,Bolero,2017.0,23452.0,Diesel,180000.0
Maruti,Suzuki,2014.0,35522.0,Diesel,385000.0
Mahindra,Scorpio,2015.0,48508.0,Diesel,250000.0
Maruti,Suzuki,2017.0,15487.0,Petrol,180000.0
Maruti,Suzuki,2013.0,39000.0,Petrol,105000.0
Maruti,Suzuki,2013.0,39000.0,Petrol,105000.0
Toyota,Innova,2012.0,82000.0,Diesel,650000.0
Renault,Lodgy,2018.0,20000.0,Diesel,689999.0
Skoda,Yeti,2012.0,68000.0,Diesel,448000.0
Maruti,Suzuki,2017.0,32000.0,Diesel,549000.0
Renault,Duster,2012.0,38000.0,Diesel,501000.0
Renault,Duster,2013.0,27000.0,Diesel,489999.0
Honda,City,2011.0,33000.0,Petrol,280000.0
Maruti,Suzuki,2015.0,60000.0,Petrol,250000.0
Maruti,Suzuki,2013.0,46000.0,Diesel,349999.0
Honda,Amaze,2013.0,46000.0,Diesel,284999.0
Honda,Amaze,2015.0,36000.0,Diesel,345000.0
Honda,City,2015.0,55000.0,Petrol,499999.0
Datsun,Redi,2017.0,16000.0,Petrol,235000.0
Maruti,Suzuki,2010.0,36000.0,Petrol,249999.0
Mitsubishi,Pajero,2015.0,47000.0,Diesel,1475000.0
Mahindra,Bolero,2017.0,23452.0,Diesel,180000.0
Maruti,Suzuki,2014.0,35522.0,Diesel,385000.0
Mahindra,Scorpio,2015.0,48508.0,Diesel,250000.0
Maruti,Suzuki,2017.0,15487.0,Petrol,180000.0
Maruti,Suzuki,2013.0,39000.0,Petrol,105000.0
Maruti,Suzuki,2013.0,39000.0,Petrol,105000.0
Mahindra,Scorpio,2015.0,35000.0,Diesel,395000.0
Maruti,Suzuki,2017.0,30874.0,Petrol,220000.0
Honda,City,2017.0,15000.0,Diesel,170000.0
Maruti,Suzuki,2013.0,29685.0,Petrol,85000.0
Ford,Figo,2012.0,41000.0,Diesel,175000.0
Hyundai,Eon,2013.0,25000.0,Petrol,190000.0
Tata,Indigo,2017.0,130000.0,Diesel,200000.0
Ford,EcoSport,2016.0,24530.0,Diesel,830000.0
Tata,Indigo,2017.0,130000.0,Diesel,200000.0
Mahindra,Scorpio,2012.0,19000.0,Diesel,570000.0
Volkswagen,Polo,2014.0,60000.0,Petrol,315000.0
Skoda,Fabia,2010.0,60000.0,Petrol,182000.0
Maruti,Suzuki,2015.0,30000.0,Petrol,315000.0
Chevrolet,Spark,2010.0,41000.0,Petrol,110000.0
Renault,Duster,2012.0,35000.0,Diesel,501000.0
Honda,City,2015.0,54000.0,Petrol,448999.0
Mini,Cooper,2013.0,13000.0,Petrol,1891111.0
Datsun,Redi,2017.0,16000.0,Petrol,235000.0
Skoda,Fabia,2011.0,38200.0,Diesel,159500.0
Honda,Amaze,2015.0,22000.0,Petrol,344999.0
Honda,Amaze,2015.0,22000.0,Petrol,344999.0
Renault,Duster,2014.0,50000.0,Diesel,449999.0
Mini,Cooper,2013.0,13500.0,Petrol,1891111.0
Mahindra,Scorpio,2015.0,30000.0,Diesel,865000.0
Mahindra,Scorpio,2014.0,50000.0,Diesel,699000.0
Mahindra,Quanto,2013.0,20000.0,Diesel,375000.0
Ford,EcoSport,2017.0,39000.0,Petrol,489999.0
Honda,Brio,2012.0,30000.0,Petrol,224999.0
Volkswagen,Vento,2019.0,3600.0,Diesel,1200000.0
Hyundai,i20,2009.0,32000.0,Petrol,195000.0
Toyota,Corolla,2010.0,38000.0,Diesel,351000.0
Hyundai,Verna,2008.0,45000.0,Petrol,160000.0
Toyota,Corolla,2009.0,35000.0,Petrol,240000.0
Honda,City,2005.0,50000.0,Petrol,90000.0
Hyundai,Elite,2014.0,32000.0,Petrol,415000.0
Skoda,Fabia,2011.0,45863.0,Diesel,155000.0
BMW,3,2011.0,60500.0,Petrol,600000.0
Maruti,Suzuki,2011.0,12500.0,Petrol,189500.0
Toyota,Etios,2013.0,60000.0,Diesel,350000.0
Ford,Figo,2012.0,35000.0,Diesel,210000.0
Maruti,Suzuki,2014.0,35000.0,Petrol,390000.0
Chevrolet,Beat,2012.0,45000.0,Diesel,135000.0
BMW,7,2009.0,35000.0,Petrol,1600000.0
Mahindra,XUV500,2013.0,38000.0,Diesel,701000.0
Hyundai,i10,2014.0,18000.0,Petrol,265000.0
Hyundai,Verna,2015.0,35000.0,Diesel,525000.0
Maruti,Suzuki,2013.0,13349.0,Petrol,372000.0
Maruti,Suzuki,2016.0,29000.0,Petrol,635000.0
Ford,EcoSport,2014.0,44000.0,Diesel,550000.0
Maruti,Suzuki,2016.0,29000.0,Petrol,575000.0
Maruti,Suzuki,2013.0,42000.0,Diesel,485000.0
Maruti,Suzuki,2012.0,14000.0,Petrol,155000.0
Hyundai,Grand,2014.0,49000.0,Diesel,345000.0
Honda,Amaze,2014.0,42000.0,Petrol,325000.0
Hyundai,i20,2012.0,36200.0,Diesel,329500.0
Ford,Figo,2014.0,50000.0,Diesel,195000.0
Maruti,Suzuki,2015.0,55000.0,Petrol,251111.0
Maruti,Suzuki,2014.0,45000.0,Petrol,569999.0
Maruti,Suzuki,2007.0,51000.0,Petrol,69999.0
Maruti,Suzuki,2014.0,19000.0,Petrol,299999.0
Maruti,Suzuki,2009.0,46000.0,Petrol,220000.0
Maruti,Suzuki,2013.0,33000.0,Diesel,399999.0
Maruti,Suzuki,2013.0,13349.0,Petrol,372000.0
Maruti,Suzuki,2015.0,104000.0,Diesel,450000.0
Toyota,Etios,2014.0,55000.0,Petrol,270000.0
Hyundai,i20,2011.0,33333.0,Diesel,350000.0
Chevrolet,Spark,2012.0,33600.0,Petrol,158400.0
Maruti,Suzuki,2017.0,5600.0,Petrol,350000.0
Nissan,Micra,2011.0,41000.0,Petrol,179000.0
Maruti,Suzuki,2007.0,70000.0,Petrol,125000.0
Maruti,Suzuki,2018.0,7500.0,Petrol,200000.0
Honda,Amaze,2013.0,45000.0,Diesel,299000.0
Maruti,Suzuki,2015.0,38000.0,Petrol,220000.0
Chevrolet,Beat,2015.0,30000.0,Petrol,150000.0
Honda,City,2010.0,35000.0,Petrol,285000.0
Ford,EcoSport,2016.0,24330.0,Diesel,830000.0
Hyundai,i20,2009.0,65480.0,Petrol,210000.0
Maruti,Suzuki,2013.0,41000.0,Petrol,340000.0
Tata,Indica,2006.0,20000.0,Petrol,90000.0
Hindustan,Motors,2000.0,200000.0,Diesel,70000.0
Toyota,Corolla,2010.0,70000.0,Petrol,289999.0
Toyota,Corolla,2012.0,59000.0,Petrol,349999.0
Toyota,Innova,2012.0,99000.0,Diesel,849999.0
Volkswagen,Jetta,2014.0,46000.0,Diesel,749999.0
Volkswagen,Polo,2015.0,2800.0,Petrol,399999.0
Volkswagen,Polo,2014.0,32000.0,Petrol,274999.0
Mahindra,Scorpio,2015.0,22000.0,Diesel,984999.0
Renault,Duster,2014.0,50000.0,Diesel,449999.0
Honda,Amaze,2015.0,22000.0,Petrol,344999.0
Nissan,Sunny,2012.0,45000.0,Petrol,224999.0
Hyundai,Elite,2018.0,21000.0,Petrol,599999.0
Renault,Kwid,2016.0,11000.0,Petrol,244999.0
Renault,Duster,2013.0,41000.0,Diesel,399999.0
Ford,EcoSport,2017.0,39000.0,Petrol,489999.0
Renault,Duster,2014.0,50000.0,Diesel,474999.0
Mahindra,Scorpio,2011.0,66000.0,Diesel,499999.0
Maruti,Suzuki,2018.0,3000.0,Petrol,310000.0
Chevrolet,Spark,2010.0,45000.0,Petrol,85000.0
Datsun,Redi,2016.0,7000.0,Petrol,245000.0
Maruti,Suzuki,2010.0,38500.0,Diesel,189500.0
Fiat,Punto,2012.0,37200.0,Diesel,169500.0
Maruti,Suzuki,2010.0,43200.0,Diesel,159500.0
Toyota,Etios,2013.0,24800.0,Petrol,275000.0
Hyundai,i20,2014.0,60000.0,Diesel,370000.0
Hyundai,i10,2010.0,45872.0,Petrol,168000.0
Chevrolet,Beat,2011.0,40000.0,Diesel,150000.0
Chevrolet,Beat,2011.0,45000.0,Diesel,145000.0
Chevrolet,Beat,2012.0,38000.0,Diesel,98500.0
Mahindra,Scorpio,2014.0,50000.0,Diesel,699000.0
Tata,Indigo,2011.0,11400.0,Diesel,85000.0
Toyota,Corolla,2015.0,42000.0,Petrol,575000.0
Honda,City,2014.0,39000.0,Petrol,549000.0
Maruti,Suzuki,2011.0,47000.0,Diesel,209000.0
Hyundai,Eon,2013.0,27000.0,Petrol,185000.0
Mahindra,Scorpio,2015.0,97200.0,Diesel,900000.0
Mahindra,XUV500,2014.0,52000.0,Diesel,699999.0
Honda,Brio,2012.0,30000.0,Petrol,224999.0
Ford,Fiesta,2011.0,55000.0,Diesel,274999.0
Honda,Amaze,2013.0,46000.0,Diesel,284999.0
Honda,City,2015.0,30000.0,Diesel,599999.0
Maruti,Suzuki,2012.0,44000.0,Petrol,199999.0
Honda,City,2014.0,45000.0,Diesel,544999.0
Hyundai,i20,2009.0,31000.0,Petrol,199000.0
Tata,Indigo,2016.0,175430.0,Diesel,320000.0
Hyundai,Fluidic,2015.0,38000.0,Diesel,540000.0
Mahindra,Quanto,2013.0,37000.0,Diesel,340000.0
Fiat,Petra,2008.0,65000.0,Petrol,75000.0
Skoda,Fabia,2011.0,38200.0,Diesel,159500.0
Mini,Cooper,2013.0,13000.0,Petrol,1891111.0
Hyundai,Santro,2005.0,7500.0,Petrol,49000.0
Maruti,Suzuki,2016.0,3350.0,Petrol,700000.0
Maruti,Suzuki,2000.0,60000.0,Petrol,55000.0
Honda,City,2015.0,54000.0,Petrol,448999.0
Hyundai,Creta,2017.0,32000.0,Petrol,895000.0
Mahindra,Scorpio,2007.0,75000.0,Diesel,355000.0
Mahindra,Scorpio,2012.0,62000.0,Diesel,565000.0
Toyota,Innova,2006.0,73000.0,Diesel,365000.0
Maruti,Suzuki,2011.0,41000.0,Petrol,145000.0
Maruti,Suzuki,2011.0,35000.0,Petrol,210000.0
Tata,Nano,2013.0,2200.0,Petrol,40000.0
Maruti,Suzuki,2013.0,39000.0,Petrol,125000.0
Maruti,Suzuki,2009.0,45000.0,Petrol,135000.0
Maruti,Suzuki,2006.0,45000.0,Petrol,135000.0
Tata,Sumo,2012.0,65000.0,Diesel,285000.0
Maruti,Suzuki,2010.0,54870.0,Petrol,145000.0
Maruti,Suzuki,2010.0,34580.0,Petrol,135000.0
Volkswagen,Passat,2009.0,97000.0,Diesel,450000.0
Renault,Scala,2015.0,25000.0,Diesel,375000.0
Mahindra,Quanto,2013.0,20000.0,Diesel,375000.0
Hyundai,Grand,2014.0,20000.0,Petrol,365000.0
Hyundai,i20,2015.0,18000.0,Petrol,500000.0
Mahindra,Xylo,2012.0,35000.0,Diesel,400000.0
Mahindra,Jeep,2019.0,60.0,Diesel,390000.0
Renault,Duster,2012.0,35000.0,Diesel,501000.0
Mahindra,Bolero,2013.0,80200.0,Diesel,330000.0
Force,Motors,2015.0,3200.0,Diesel,580000.0
Maruti,Suzuki,2012.0,46000.0,Diesel,265000.0
Mahindra,Jeep,2019.0,0.0,Diesel,379000.0
Maruti,Suzuki,2015.0,5000.0,Petrol,219000.0
Mahindra,Jeep,2018.0,588.0,Diesel,385000.0
Toyota,Etios,2011.0,36000.0,Diesel,275000.0
Volkswagen,Polo,2015.0,38000.0,Diesel,330000.0
Honda,City,2008.0,45000.0,Petrol,110000.0
Maruti,Suzuki,2006.0,71200.0,Petrol,80000.0
Honda,City,2016.0,52000.0,Diesel,519000.0
Mahindra,Thar,2016.0,29000.0,Diesel,730000.0
Mitsubishi,Pajero,2015.0,47000.0,Diesel,1475000.0
Audi,A4,2009.0,47000.0,Petrol,699000.0
Mercedes,Benz,2015.0,20000.0,Diesel,2000000.0
Land,Rover,2015.0,30000.0,Diesel,2100000.0
Renault,Kwid,2017.0,5000.0,Petrol,340000.0
Tata,Aria,2014.0,35000.0,Diesel,390000.0
Mercedes,Benz,2014.0,31000.0,Petrol,1400000.0
Datsun,GO,2016.0,7000.0,Petrol,245000.0
Tata,Indigo,2016.0,175430.0,Diesel,320000.0
Tata,Indigo,2016.0,175400.0,Diesel,320000.0
Honda,Jazz,2016.0,41000.0,Petrol,450000.0
Honda,Amaze,2014.0,33000.0,Petrol,311000.0
Honda,Amaze,2013.0,46000.0,Diesel,284999.0
Honda,City,2012.0,45000.0,Petrol,399999.0
Honda,City,2015.0,39000.0,Diesel,599999.0
Honda,Amaze,2015.0,22000.0,Petrol,344999.0
Audi,A4,2009.0,47000.0,Petrol,699000.0
Force,Motors,2015.0,3200.0,Diesel,580000.0
Mahindra,Scorpio,2015.0,30000.0,Diesel,855000.0
Hyundai,i20,2015.0,37000.0,Diesel,535000.0
Mini,Cooper,2013.0,13000.0,Petrol,1891111.0
Maruti,Suzuki,2017.0,14000.0,Petrol,699000.0
Chevrolet,Tavera,2013.0,55000.0,Diesel,375000.0
Honda,Amaze,2013.0,46000.0,Diesel,284999.0
Hyundai,Eon,2012.0,30000.0,Petrol,178000.0
Tata,Sumo,2013.0,50000.0,Diesel,300000.0
Maruti,Suzuki,2003.0,45000.0,Petrol,90000.0
Maruti,Suzuki,2006.0,45000.0,Petrol,95000.0
Maruti,Suzuki,2015.0,9300.0,Petrol,255000.0
Chevrolet,Enjoy,2013.0,55000.0,Diesel,245000.0
Hyundai,i20,2012.0,36200.0,Diesel,329500.0
Ford,Figo,2014.0,50000.0,Diesel,195000.0
Maruti,Suzuki,2015.0,55000.0,Petrol,251111.0
Maruti,Suzuki,2014.0,45000.0,Petrol,569999.0
Maruti,Suzuki,2007.0,51000.0,Petrol,69999.0
Maruti,Suzuki,2014.0,19000.0,Petrol,299999.0
Maruti,Suzuki,2009.0,46000.0,Petrol,220000.0
Maruti,Suzuki,2013.0,33000.0,Diesel,399999.0
Maruti,Suzuki,2010.0,36000.0,Petrol,249999.0
Maruti,Suzuki,2015.0,22000.0,Petrol,289999.0
Mini,Cooper,2013.0,13500.0,Petrol,1891111.0
Nissan,Terrano,2015.0,60000.0,Diesel,499999.0
Renault,Duster,2013.0,27000.0,Diesel,489999.0
Renault,Duster,2014.0,59000.0,Diesel,489999.0
Renault,Duster,2015.0,19000.0,Diesel,549999.0
Maruti,Suzuki,2013.0,30000.0,Petrol,380000.0
Renault,Kwid,2018.0,15000.0,Petrol,325000.0
Maruti,Suzuki,2003.0,56758.0,Petrol,57000.0
Renault,Kwid,2018.0,10000.0,Petrol,349999.0
Renault,Lodgy,2018.0,20000.0,Diesel,689999.0
Renault,Scala,2014.0,49000.0,Diesel,349999.0
Hyundai,Grand,2014.0,41000.0,Petrol,410000.0
Maruti,Suzuki,2011.0,45000.0,Petrol,225000.0
Chevrolet,Beat,2010.0,43000.0,Petrol,120000.0
Tata,Indigo,2016.0,175430.0,Diesel,320000.0
Hyundai,Santro,2000.0,56450.0,Petrol,59000.0
Hyundai,Fluidic,2015.0,38000.0,Diesel,540000.0
Chevrolet,Beat,2010.0,56000.0,Petrol,80000.0
Mahindra,Quanto,2013.0,37000.0,Diesel,340000.0
Fiat,Petra,2008.0,65000.0,Petrol,75000.0
Chevrolet,Beat,2015.0,32700.0,Petrol,220000.0
Skoda,Fabia,2011.0,38200.0,Diesel,159500.0
Ford,EcoSport,2016.0,30000.0,Diesel,599000.0
Hyundai,Accent,2006.0,56000.0,Petrol,80000.0
Mahindra,TUV300,2016.0,9000.0,Diesel,675000.0
Mini,Cooper,2013.0,13000.0,Petrol,1891111.0
Mini,Cooper,2013.0,13000.0,Petrol,1891111.0
Tata,Indica,2008.0,11000.0,Petrol,150000.0
Mini,Cooper,2013.0,13000.0,Petrol,1891111.0
Tata,Indigo,2009.0,46000.0,Diesel,72500.0
Maruti,Suzuki,2019.0,73.0,Petrol,610000.0
Mahindra,Scorpio,2004.0,160000.0,Diesel,230000.0
Honda,Accord,2009.0,58559.0,Petrol,175000.0
Mahindra,Scorpio,2015.0,30000.0,Diesel,855000.0
Chevrolet,Tavera,2013.0,55000.0,Diesel,375000.0
Ford,EcoSport,2014.0,57000.0,Diesel,520000.0
Maruti,Suzuki,2015.0,50000.0,Diesel,524999.0
Honda,Amaze,2014.0,37000.0,Petrol,299999.0
Maruti,Suzuki,2012.0,40000.0,Petrol,299999.0
Honda,City,2011.0,55000.0,Petrol,284999.0
Mahindra,Scorpio,2007.0,170000.0,Diesel,220000.0
Maruti,Suzuki,2014.0,55000.0,Diesel,424999.0
Honda,City,2015.0,39000.0,Petrol,644999.0
Honda,Mobilio,2014.0,44000.0,Petrol,399999.0
Toyota,Corolla,2009.0,65000.0,Petrol,199999.0
Honda,City,2014.0,39000.0,Petrol,584999.0
Skoda,Laura,2012.0,44000.0,Diesel,349999.0
Renault,Duster,2015.0,49000.0,Diesel,449999.0
Maruti,Suzuki,2018.0,9000.0,Diesel,799999.0
Maruti,Suzuki,2015.0,45000.0,Diesel,444999.0
Mahindra,XUV500,2014.0,47000.0,Diesel,649999.0
Hyundai,Verna,2012.0,40000.0,Diesel,444999.0
Maruti,Suzuki,2016.0,29000.0,Diesel,689999.0
Maruti,Suzuki,2016.0,15000.0,Petrol,344999.0
Mahindra,Scorpio,2015.0,45000.0,Diesel,944999.0
Honda,Amaze,2014.0,35000.0,Petrol,274999.0
Mahindra,XUV500,2013.0,80000.0,Diesel,689999.0
Mahindra,Scorpio,2013.0,68000.0,Diesel,574999.0
Skoda,Laura,2013.0,50000.0,Diesel,374999.0
Volkswagen,Polo,2010.0,60000.0,Diesel,199999.0
Hyundai,Elite,2016.0,9000.0,Petrol,549999.0
Tata,Manza,2012.0,72000.0,Diesel,130000.0
Chevrolet,Sail,2013.0,60000.0,Petrol,210000.0
Renault,Duster,2012.0,38000.0,Diesel,501000.0
Hyundai,Verna,2013.0,45000.0,Diesel,401000.0
Audi,A4,2012.0,40000.0,Diesel,1350000.0
Hyundai,Elantra,2013.0,20000.0,Petrol,600000.0
Mahindra,Scorpio,2013.0,35000.0,Diesel,610000.0
Mahindra,KUV100,2016.0,20000.0,Diesel,400000.0
Renault,Scala,2015.0,25000.0,Diesel,375000.0
Mahindra,Quanto,2013.0,20000.0,Diesel,375000.0
Hyundai,Grand,2014.0,20000.0,Petrol,365000.0
Hyundai,i20,2015.0,18000.0,Petrol,500000.0
Mahindra,Xylo,2012.0,35000.0,Diesel,400000.0
Hyundai,Grand,2017.0,6821.0,Petrol,524999.0
Hyundai,i20,2014.0,23000.0,Petrol,449999.0
Hyundai,Eon,2014.0,14000.0,Petrol,174999.0
Hyundai,i10,2012.0,38000.0,Petrol,244999.0
Hyundai,i20,2015.0,35000.0,Diesel,574999.0
Datsun,Redi,2017.0,22000.0,Petrol,244999.0
Toyota,Etios,2011.0,41000.0,Petrol,239999.0
Hyundai,Accent,2010.0,45000.0,Petrol,99999.0
Hyundai,Verna,2014.0,44000.0,Diesel,489999.0
Maruti,Suzuki,2013.0,45000.0,Diesel,324999.0
Toyota,Fortuner,2011.0,52000.0,Diesel,1074999.0
Hyundai,i10,2012.0,34000.0,Petrol,230000.0
Mahindra,Bolero,2018.0,1800.0,Diesel,699000.0
Mahindra,XUV500,2015.0,15000.0,Diesel,1000000.0
Honda,City,2010.0,400000.0,Petrol,240000.0
Chevrolet,Spark,2009.0,44000.0,Petrol,110000.0
Mahindra,Jeep,2019.0,60.0,Diesel,390000.0
Renault,Duster,2012.0,35000.0,Diesel,501000.0
Mahindra,XUV500,2016.0,72000.0,Diesel,1130000.0
Tata,Indigo,2014.0,40000.0,Diesel,250000.0
Mahindra,Bolero,2013.0,80200.0,Diesel,330000.0
Force,Motors,2015.0,3200.0,Diesel,580000.0
Skoda,Rapid,2013.0,48000.0,Diesel,340000.0
Tata,Vista,2011.0,90000.0,Diesel,120000.0
Maruti,Suzuki,2015.0,12000.0,Petrol,265000.0
Maruti,Suzuki,2012.0,46000.0,Diesel,265000.0
Maruti,Suzuki,2003.0,69900.0,Petrol,85000.0
Mahindra,Jeep,2019.0,0.0,Diesel,379000.0
Hyundai,i10,2011.0,45000.0,Petrol,175000.0
Maruti,Suzuki,2015.0,5000.0,Petrol,219000.0
Maruti,Suzuki,2016.0,166000.0,Diesel,350000.0
Honda,City,2008.0,42000.0,Petrol,149000.0
Mahindra,Jeep,2018.0,588.0,Diesel,385000.0
Mahindra,Jeep,2006.0,122.0,Diesel,425000.0
Chevrolet,Beat,2017.0,62000.0,Diesel,150000.0
Honda,City,2010.0,70000.0,Petrol,225000.0
Hyundai,Verna,2014.0,36000.0,Petrol,375000.0
Toyota,Innova,2012.0,0.0,Diesel,770000.0
Maruti,Suzuki,1995.0,55000.0,Petrol,30000.0
Toyota,Etios,2011.0,36000.0,Diesel,275000.0
Volkswagen,Polo,2015.0,38000.0,Diesel,330000.0
Maruti,Suzuki,2014.0,55000.0,Diesel,335000.0
Hyundai,Elite,2015.0,20000.0,Diesel,450000.0
Maruti,Suzuki,2012.0,40000.0,Petrol,225000.0
Maruti,Suzuki,2004.0,50000.0,Petrol,80000.0
Tata,Indigo,2016.0,104000.0,Diesel,130000.0
Volkswagen,Vento,2011.0,65000.0,Diesel,245000.0
Mercedes,Benz,2002.0,41000.0,Petrol,399000.0
Maruti,Suzuki,2013.0,90000.0,Diesel,450000.0
Honda,City,2000.0,80000.0,Petrol,65000.0
Hyundai,Santro,2006.0,46000.0,Petrol,75000.0
Maruti,Suzuki,2001.0,70000.0,Petrol,70000.0
Hyundai,Sonata,2017.0,36469.0,Diesel,190000.0
Hyundai,Elite,2018.0,7800.0,Petrol,600000.0
Volkswagen,Vento,2011.0,65000.0,Diesel,245000.0
Maruti,Suzuki,2017.0,60000.0,Petrol,240000.0
Maruti,Suzuki,2011.0,32000.0,Petrol,155000.0
Honda,Jazz,2009.0,24695.0,Petrol,169999.0
Hyundai,Grand,2017.0,15141.0,Petrol,450000.0
Maruti,Suzuki,2001.0,40000.0,Petrol,40000.0
Mahindra,Scorpio,2012.0,65000.0,Diesel,165000.0
Maruti,Suzuki,2014.0,22000.0,Petrol,270000.0
Hyundai,Grand,2016.0,59910.0,Diesel,280000.0
Mahindra,XUV500,2012.0,100000.0,Diesel,560000.0
Hyundai,Creta,2016.0,25000.0,Petrol,950000.0
Hyundai,i20,2013.0,35000.0,Petrol,310000.0
Renault,Duster,2015.0,65000.0,Diesel,715000.0
Hyundai,Grand,2014.0,35000.0,Petrol,340000.0
Honda,Brio,2012.0,33000.0,Petrol,235000.0
Mahindra,TUV300,2017.0,68000.0,Diesel,610000.0
Chevrolet,Spark,2010.0,23000.0,Petrol,95000.0
Mahindra,TUV300,2018.0,4500.0,Diesel,1000000.0
Maruti,Suzuki,2015.0,129000.0,Diesel,220000.0
Nissan,X,2019.0,300.0,Diesel,1200000.0
Maruti,Suzuki,2015.0,5000.0,Petrol,230000.0
Ford,Ikon,2001.0,65000.0,Petrol,45000.0
Toyota,Fortuner,2010.0,131000.0,Diesel,940000.0
Tata,Manza,2010.0,111111.0,Petrol,155555.0
Mercedes,Benz,2013.0,14000.0,Petrol,1500000.0
Chevrolet,Beat,2016.0,22000.0,Diesel,210000.0
Ford,EcoSport,2013.0,38000.0,Diesel,495000.0
Tata,Indigo,2016.0,70000.0,Diesel,125000.0
Hyundai,i20,2010.0,36000.0,Petrol,195000.0
Volkswagen,Vento,2015.0,34000.0,Diesel,550000.0
Renault,Kwid,2015.0,43000.0,Petrol,270000.0
Ford,EcoSport,2014.0,40000.0,Diesel,500000.0
Honda,Amaze,2016.0,160000.0,Diesel,240000.0
Hyundai,Verna,2017.0,12000.0,Petrol,800000.0
BMW,5,2011.0,49000.0,Diesel,1299000.0
Skoda,Superb,2011.0,68000.0,Petrol,530000.0
Audi,Q3,2013.0,37000.0,Diesel,1499000.0
Mahindra,Bolero,2012.0,59466.0,Diesel,220000.0
Mahindra,Scorpio,2015.0,97200.0,Diesel,900000.0
Ford,Figo,2012.0,99000.0,Diesel,250000.0
Maruti,Suzuki,2018.0,25500.0,Petrol,395000.0
Mahindra,Logan,2009.0,66000.0,Petrol,130000.0
Tata,Nano,2010.0,44005.0,Petrol,32000.0
Mahindra,TUV300,2016.0,35000.0,Diesel,540000.0
Mahindra,TUV300,2016.0,35000.0,Diesel,540000.0
Hyundai,Elite,2015.0,28000.0,Petrol,405000.0
Hyundai,Elite,2015.0,30000.0,Petrol,400000.0
Honda,City,2017.0,4000.0,Petrol,760000.0
Maruti,Suzuki,2016.0,28000.0,Petrol,500000.0
Ford,Figo,2011.0,75000.0,Petrol,175000.0
Mahindra,Scorpio,2015.0,97200.0,Diesel,900000.0
Honda,City,2017.0,3000.0,Petrol,750000.0
Hyundai,Elite,2015.0,20000.0,Petrol,419000.0
Maruti,Suzuki,2004.0,50000.0,Petrol,90000.0
Hyundai,Eon,2018.0,2110.0,Petrol,140000.0
Mitsubishi,Pajero,2015.0,43222.0,Petrol,1540000.0
Hyundai,i10,2008.0,100200.0,Petrol,275000.0
Toyota,Corolla,2003.0,100000.0,Petrol,150000.0
Maruti,Suzuki,2011.0,65.0,Petrol,230000.0
Tata,Indigo,2015.0,100000.0,Diesel,123000.0
Mahindra,Scorpio,2015.0,97200.0,Diesel,900000.0
Mahindra,Scorpio,2015.0,97200.0,Diesel,900000.0
Hyundai,Xcent,2016.0,140000.0,Diesel,300000.0
Honda,City,2015.0,55000.0,Petrol,499999.0
Hyundai,Accent,2009.0,48000.0,Petrol,165000.0
Maruti,Suzuki,2016.0,22000.0,Petrol,498000.0
Tata,Zest,2018.0,103553.0,Diesel,480000.0
Maruti,Suzuki,2017.0,80000.0,Diesel,488000.0
Tata,Sumo,2014.0,99000.0,Diesel,250000.0
Toyota,Corolla,2010.0,58000.0,Petrol,220000.0
Maruti,Suzuki,2013.0,70000.0,LPG,290000.0
Toyota,Fortuner,2015.0,120000.0,Diesel,1525000.0
Mahindra,XUV500,2013.0,49800.0,Diesel,548900.0
Tata,Tigor,2019.0,100.0,Diesel,650000.0
Maruti,Suzuki,2001.0,81876.0,Petrol,55000.0
Maruti,Suzuki,2015.0,75000.0,Petrol,550000.0
Maruti,Suzuki,2004.0,50000.0,Petrol,90000.0
Honda,Mobilio,2014.0,44000.0,Diesel,399000.0
Maruti,Suzuki,2016.0,55000.0,Diesel,730000.0
Maruti,Suzuki,2017.0,36000.0,Diesel,725000.0
Hyundai,Verna,2016.0,56000.0,Diesel,195000.0
Maruti,Suzuki,2007.0,62000.0,Petrol,130000.0
Toyota,Fortuner,2015.0,120000.0,Diesel,1525000.0
Maruti,Suzuki,2014.0,6020.0,Petrol,190000.0
Honda,Amaze,2013.0,55700.0,Diesel,250000.0
Tata,Indica,2005.0,42000.0,Petrol,80000.0
Hyundai,Santro,2003.0,50000.0,Petrol,120000.0
Maruti,Suzuki,2010.0,35000.0,Petrol,149000.0
Maruti,Suzuki,2014.0,18500.0,Petrol,250000.0
Maruti,Suzuki,2007.0,7000.0,Petrol,120000.0
Honda,Brio,2017.0,11000.0,Petrol,450000.0
Maruti,Suzuki,2003.0,53000.0,Petrol,99999.0
Maruti,Suzuki,2008.0,23000.0,Petrol,135000.0
Maruti,Suzuki,2016.0,35500.0,Diesel,225000.0
Maruti,Suzuki,2010.0,22134.0,Petrol,99000.0
Renault,Kwid,2019.0,1000.0,Petrol,370000.0
Tata,Nano,2010.0,9000.0,Petrol,52000.0
Jaguar,XE,2016.0,8500.0,Petrol,2800000.0
Hyundai,Eon,2014.0,35000.0,Petrol,190000.0
Honda,City,2014.0,22000.0,Petrol,499000.0
Hindustan,Motors,2002.0,25000.0,Diesel,90000.0
Maruti,Suzuki,2010.0,40000.0,Petrol,149000.0
Hyundai,Grand,2017.0,20000.0,Petrol,400000.0
Hyundai,Eon,2016.0,87000.0,Petrol,120000.0
Maruti,Suzuki,2015.0,55000.0,Petrol,250000.0
Maruti,Suzuki,2017.0,23000.0,Petrol,375000.0
Honda,Amaze,2014.0,6000.0,Petrol,381000.0
Maruti,Suzuki,2013.0,65000.0,Petrol,180000.0
Maruti,Suzuki,2016.0,25000.0,Diesel,580000.0
Maruti,Suzuki,2015.0,39000.0,Petrol,278000.0
Hyundai,Creta,2016.0,8000.0,Petrol,1000000.0
Mahindra,Scorpio,2013.0,75000.0,Diesel,690000.0
Maruti,Suzuki,2012.0,51000.0,Diesel,480000.0
Mitsubishi,Lancer,2006.0,50000.0,Petrol,85000.0
Maruti,Suzuki,2001.0,75000.0,Petrol,40000.0
Maruti,Suzuki,2015.0,55800.0,Petrol,90000.0
Hyundai,Grand,2015.0,53000.0,Petrol,340000.0
Hyundai,Eon,2018.0,25000.0,Petrol,260000.0
Ford,Fiesta,2009.0,56400.0,Petrol,250000.0
Maruti,Suzuki,2010.0,72160.0,Diesel,180000.0
Hyundai,Verna,2012.0,10000.0,Diesel,350000.0
Maruti,Suzuki,2006.0,48000.0,Petrol,90001.0
Maruti,Suzuki,2007.0,36000.0,Petrol,115000.0
Audi,A6,2012.0,11500.0,Diesel,1599000.0
Maruti,Suzuki,2003.0,133000.0,Petrol,130000.0
Maruti,Suzuki,2009.0,27000.0,Petrol,159000.0
Maruti,Suzuki,2009.0,35000.0,Petrol,160000.0
Maruti,Suzuki,2010.0,55000.0,Petrol,110000.0
Maruti,Suzuki,2016.0,40000.0,Petrol,425000.0
Hyundai,Verna,2019.0,2000.0,Petrol,900000.0
Maruti,Suzuki,2009.0,45000.0,Petrol,150000.0
Hyundai,Getz,2009.0,20000.0,Petrol,110000.0
Hyundai,Santro,2000.0,88000.0,Petrol,51999.0
Hyundai,Getz,2009.0,20000.0,Petrol,115000.0
Chevrolet,Beat,2012.0,65422.0,Diesel,215000.0
Ford,EcoSport,2017.0,10000.0,Petrol,580000.0
Maruti,Suzuki,2013.0,35000.0,Petrol,380000.0
Hyundai,Fluidic,2013.0,117000.0,Diesel,350000.0
Tata,Indica,2005.0,150000.0,Diesel,35000.0
BMW,X1,2011.0,72000.0,Diesel,1150000.0
Hyundai,i20,2010.0,10750.0,Petrol,300000.0
Honda,City,2009.0,55000.0,Petrol,269000.0
Tata,Nano,2013.0,6800.0,Petrol,60000.0
Chevrolet,Cruze,2014.0,41000.0,Diesel,400000.0
Hyundai,Verna,2015.0,73000.0,Diesel,430000.0
Maruti,Suzuki,2011.0,65000.0,Diesel,140000.0
Mahindra,XUV500,2014.0,45000.0,Diesel,8500003.0
Mahindra,XUV500,2018.0,40000.0,Diesel,1299000.0
Maruti,Suzuki,2014.0,37000.0,Petrol,199000.0
Hyundai,Accent,2006.0,55000.0,Petrol,90000.0
Force,Motors,2013.0,140000.0,Diesel,550000.0
Maruti,Suzuki,2019.0,9800.0,Petrol,265000.0
Chevrolet,Spark,2011.0,27000.0,Petrol,100000.0
Hyundai,i10,2009.0,27000.0,Petrol,215000.0
Toyota,Etios,2012.0,20000.0,Diesel,380000.0
Renault,Duster,2013.0,57923.0,Diesel,401919.0
Chevrolet,Enjoy,2014.0,30201.0,Diesel,490000.0
Maruti,Suzuki,2017.0,6200.0,Petrol,280000.0
BMW,5,2009.0,37518.0,Petrol,650000.0
Toyota,Etios,2014.0,24652.0,Petrol,160000.0
Mahindra,Jeep,2004.0,383.0,Diesel,424000.0
Chevrolet,Beat,2016.0,95000.0,Diesel,225000.0
Chevrolet,Cruze,2011.0,35000.0,Diesel,350000.0
Jeep,Wrangler,2015.0,3528.0,Diesel,950000.0
Maruti,Suzuki,2013.0,52500.0,Diesel,485000.0
Hyundai,Verna,2010.0,47900.0,Diesel,205000.0
Maruti,Suzuki,2012.0,14000.0,Petrol,160000.0
Maruti,Suzuki,2018.0,37000.0,Petrol,310000.0
Tata,Zest,2017.0,90000.0,Diesel,180000.0
Mahindra,XUV500,2013.0,52800.0,Diesel,549900.0
Tata,Indigo,2016.0,104000.0,Diesel,150000.0
Hyundai,i10,2011.0,30000.0,Petrol,175000.0
Tata,Indigo,2014.0,195000.0,Diesel,95000.0
Tata,Indigo,2016.0,104000.0,Diesel,230000.0
Tata,Indigo,2016.0,104000.0,Diesel,230000.0
Tata,Indigo,2004.0,70000.0,Diesel,180000.0
Hyundai,Xcent,2015.0,43000.0,Diesel,400000.0
Hyundai,Eon,2013.0,23000.0,Petrol,185000.0
Renault,Duster,2015.0,51000.0,Diesel,385000.0
Maruti,Suzuki,2009.0,62000.0,Petrol,90000.0
Tata,Nano,2010.0,48008.0,Petrol,32000.0
Renault,Duster,2013.0,39000.0,Diesel,435000.0
Maruti,Suzuki,2010.0,40000.0,Petrol,225000.0
Maruti,Suzuki,2006.0,48247.0,Petrol,189700.0
Maruti,Suzuki,2012.0,39000.0,Diesel,389700.0
Maruti,Suzuki,2014.0,23000.0,Petrol,365000.0
Maruti,Suzuki,2017.0,9400.0,Petrol,360000.0
Hyundai,i20,2010.0,50000.0,Petrol,210000.0
Hyundai,i10,2009.0,75000.0,Petrol,170000.0
Tata,Zest,2017.0,70000.0,Diesel,380000.0
Mahindra,Xylo,2009.0,64000.0,Diesel,295000.0
Toyota,Corolla,2010.0,55000.0,Petrol,185000.0
Tata,Manza,2014.0,200000.0,Diesel,160000.0
Renault,Kwid,2018.0,2137.0,Petrol,290000.0
Tata,Venture,2013.0,30000.0,Diesel,100000.0
Maruti,Suzuki,2014.0,44000.0,Petrol,315000.0
Skoda,Octavia,2006.0,65000.0,Diesel,114990.0
Maruti,Suzuki,2012.0,160000.0,LPG,120000.0
Chevrolet,Beat,2011.0,56000.0,Diesel,125000.0
Tata,Sumo,2012.0,75000.0,Diesel,210000.0
Hyundai,Verna,2018.0,42000.0,Diesel,855000.0
Tata,Sumo,2012.0,75000.0,Diesel,210000.0
Mahindra,Scorpio,2007.0,56000.0,Diesel,260000.0
Maruti,Suzuki,2002.0,10544.0,Petrol,95000.0
Maruti,Suzuki,2011.0,64000.0,Petrol,255000.0
Mahindra,Scorpio,2008.0,70000.0,Diesel,300000.0
Hyundai,Grand,2014.0,25000.0,Petrol,340000.0
Hyundai,Elite,2017.0,15000.0,Petrol,550000.0
Ford,Ikon,2003.0,50000.0,Petrol,60000.0
Toyota,Innova,2011.0,147000.0,Diesel,750000.0
Nissan,Sunny,2011.0,52000.0,Petrol,230000.0
Chevrolet,Beat,2012.0,90001.0,Diesel,130000.0
Maruti,Suzuki,2017.0,21000.0,Petrol,270000.0
Maruti,Suzuki,2012.0,48006.0,Diesel,280000.0
Maruti,Suzuki,2012.0,48006.0,Diesel,280000.0
Maruti,Suzuki,2012.0,48006.0,Diesel,280000.0
Toyota,Innova,2012.0,80000.0,Diesel,600000.0
Maruti,Suzuki,2010.0,74000.0,Diesel,190000.0
Hyundai,Elite,2015.0,22000.0,Petrol,500000.0
Mahindra,XUV500,2016.0,41000.0,Diesel,1065000.0
Volkswagen,Polo,2015.0,25000.0,Diesel,350000.0
Toyota,Etios,2012.0,85000.0,Diesel,350000.0
Mahindra,TUV300,2016.0,29500.0,Diesel,540000.0
Hyundai,Elite,2015.0,30000.0,Petrol,470000.0
Hyundai,Santro,2014.0,57000.0,Petrol,179000.0
Maruti,Suzuki,2003.0,60000.0,Petrol,48000.0
Maruti,Suzuki,2016.0,50000.0,Petrol,650000.0
Hyundai,Eon,2013.0,39700.0,Petrol,190000.0
Hyundai,Elantra,2012.0,65000.0,Petrol,500000.0
Maruti,Suzuki,2010.0,67000.0,Diesel,270000.0
Maruti,Suzuki,2008.0,46000.0,Petrol,125000.0
Hyundai,Eon,2012.0,38000.0,Petrol,188000.0
Hyundai,Grand,2016.0,27000.0,Petrol,380000.0
Hyundai,Verna,2011.0,43000.0,Diesel,365000.0
Ford,EcoSport,2014.0,47000.0,Petrol,465000.0
Hyundai,i20,2011.0,42000.0,Petrol,240000.0
Chevrolet,Beat,2016.0,19336.0,Diesel,179999.0
Tata,Indica,2015.0,60105.0,Diesel,140000.0
Jaguar,XF,2013.0,29000.0,Diesel,2190000.0
Audi,Q5,2014.0,34000.0,Diesel,2390000.0
BMW,3,2011.0,35000.0,Diesel,1075000.0
Maruti,Suzuki,2015.0,22000.0,Petrol,475000.0
BMW,X1,2012.0,41000.0,Diesel,1025000.0
Maruti,Suzuki,2016.0,21000.0,Diesel,615000.0
Maruti,Suzuki,2013.0,48000.0,Diesel,475000.0
Maruti,Suzuki,2016.0,38000.0,Petrol,270000.0
Honda,City,2014.0,34000.0,Diesel,475000.0
Volkswagen,Vento,2011.0,45933.0,Petrol,240000.0
Honda,City,2005.0,68000.0,Petrol,120000.0
Audi,A4,2016.0,44000.0,Diesel,1900000.0
Mahindra,KUV100,2017.0,35000.0,Diesel,360000.0
Tata,Zest,2018.0,102563.0,Diesel,450000.0
Mahindra,XUV500,2015.0,28600.0,Diesel,900000.0
Maruti,Suzuki,2017.0,41800.0,Diesel,650000.0
Tata,Sumo,2014.0,116000.0,Diesel,275000.0
Maruti,Suzuki,2009.0,59000.0,Petrol,210000.0
Mahindra,Scorpio,2004.0,58000.0,Diesel,175000.0
Maruti,Suzuki,2009.0,45000.0,Petrol,85000.0
Mitsubishi,Pajero,2015.0,42590.0,Diesel,1490000.0
Renault,Duster,2014.0,7400.0,Diesel,800000.0
Volkswagen,Jetta,2009.0,54500.0,Diesel,450000.0
Maruti,Suzuki,2012.0,200000.0,Diesel,1000000.0
Audi,A4,2013.0,27000.0,Diesel,1510000.0
Volvo,S80,2015.0,42000.0,Diesel,1850000.0
Toyota,Corolla,2014.0,29000.0,Petrol,790000.0
Mitsubishi,Pajero,2015.0,37000.0,Diesel,1725000.0
Chevrolet,Beat,2012.0,36000.0,Petrol,135000.0
BMW,X1,2011.0,34000.0,Diesel,1000000.0
Datsun,Redi,2018.0,7000.0,Petrol,299999.0
Mercedes,Benz,2009.0,76000.0,Diesel,1225000.0
Mahindra,Scorpio,2004.0,60000.0,Diesel,175000.0
Volkswagen,Vento,2011.0,95000.0,Diesel,200000.0
Tata,Indigo,2017.0,50000.0,Diesel,270000.0
Ford,Figo,2019.0,0.0,Petrol,525000.0
Honda,City,2006.0,50000.0,Petrol,180000.0
Maruti,Suzuki,2008.0,68000.0,Petrol,140000.0
Ford,EcoSport,2014.0,16000.0,Petrol,400000.0
Maruti,Suzuki,2016.0,51000.0,Diesel,499000.0
Maruti,Suzuki,2009.0,56000.0,Petrol,85000.0
Maruti,Suzuki,2004.0,100000.0,Petrol,70000.0
Renault,Duster,2015.0,36000.0,Petrol,550000.0
Maruti,Suzuki,2014.0,11523.0,Petrol,370000.0
Maruti,Suzuki,2018.0,1000.0,Petrol,690000.0
Honda,WR,2009.0,60000.0,Petrol,250000.0
Tata,Indigo,2016.0,85000.0,Diesel,110000.0
Renault,Duster,2013.0,38600.0,Diesel,490000.0
Mahindra,Scorpio,2009.0,95500.0,Diesel,320000.0
Maruti,Suzuki,2004.0,56000.0,Petrol,68000.0
Maruti,Suzuki,2014.0,37458.0,Petrol,130000.0
Maruti,Suzuki,2016.0,85960.0,Diesel,970000.0
Audi,A3,2015.0,12516.0,Petrol,3100000.0
Hyundai,Eon,2018.0,35000.0,Petrol,280000.0
Maruti,Suzuki,2009.0,0.0,Petrol,125000.0
Mahindra,Scorpio,2008.0,80000.0,Diesel,285000.0
Hyundai,Santro,2011.0,45000.0,Petrol,165000.0
Maruti,Suzuki,2009.0,51000.0,Diesel,250000.0
Mahindra,Scorpio,2015.0,30000.0,Diesel,865000.0
Mahindra,Xylo,2011.0,48000.0,Diesel,390000.0
Hyundai,Santro,2003.0,51000.0,Petrol,60000.0
Chevrolet,Beat,2015.0,90000.0,Diesel,215000.0
Maruti,Suzuki,2015.0,43000.0,Diesel,475000.0
Mahindra,XUV500,2015.0,53000.0,Diesel,899000.0
Toyota,Fortuner,2013.0,97000.0,Diesel,1499000.0
Maruti,Suzuki,2013.0,20000.0,Petrol,240000.0
Hyundai,Getz,2007.0,55000.0,Petrol,99000.0
Maruti,Suzuki,2014.0,120000.0,Diesel,260000.0
Hyundai,Creta,2019.0,0.0,Petrol,1200000.0
Hyundai,Santro,2007.0,46000.0,Petrol,115000.0
Hyundai,Santro,2009.0,43200.0,Petrol,88000.0
Mahindra,Xylo,2011.0,56000.0,Diesel,390000.0
Hyundai,Santro,2007.0,42000.0,Petrol,135000.0
Tata,Indica,2009.0,30600.0,Diesel,90000.0
Hyundai,i10,2011.0,38000.0,Petrol,220000.0
Hyundai,Grand,2017.0,2550.0,Petrol,424999.0
Hyundai,Santro,2007.0,47000.0,Petrol,135000.0
Honda,City,2005.0,41000.0,Petrol,95000.0
Nissan,Micra,2017.0,62500.0,Diesel,430000.0
Honda,City,2005.0,68000.0,Petrol,115000.0
Maruti,Suzuki,2015.0,50000.0,Petrol,215000.0
Maruti,Suzuki,2004.0,69000.0,Petrol,53000.0
Maruti,Suzuki,2012.0,48000.0,Diesel,500000.0
Tata,Indica,2012.0,55000.0,Diesel,85000.0
Maruti,Suzuki,2013.0,25000.0,Petrol,165000.0
Hyundai,Eon,2014.0,28400.0,Petrol,200000.0
Hyundai,Eon,2014.0,28000.0,Petrol,200000.0
Maruti,Suzuki,2015.0,42000.0,Diesel,425000.0
Hyundai,Verna,2012.0,29000.0,Diesel,600000.0
Chevrolet,Tavera,2005.0,68485.0,Diesel,130000.0
Tata,Tiago,2018.0,3500.0,Petrol,430000.0
Tata,Tiago,2019.0,0.0,Petrol,568500.0
Maruti,Suzuki,2006.0,32000.0,Petrol,71000.0
Mahindra,KUV100,2018.0,8000.0,Diesel,560000.0
Ford,EcoSport,2014.0,34000.0,Diesel,590000.0
Hindustan,Motors,1995.0,37000.0,Petrol,750000.0
Ford,Fusion,2007.0,85455.0,Diesel,125000.0
Hyundai,Santro,2007.0,46000.0,Petrol,135000.0
Hyundai,Santro,2002.0,47000.0,Petrol,60000.0
Fiat,Linea,2009.0,64000.0,Petrol,120000.0
Ford,Ikon,2008.0,46000.0,Petrol,95000.0
Maruti,Suzuki,2017.0,8000.0,Petrol,240000.0
Tata,Indica,2012.0,64000.0,Diesel,115000.0
Mahindra,Scorpio,2015.0,63000.0,Diesel,795000.0
Hyundai,Santro,2007.0,65000.0,Petrol,55000.0
Mahindra,Xylo,2009.0,62000.0,Diesel,300000.0
Hyundai,Grand,2014.0,41000.0,Petrol,320000.0
Maruti,Suzuki,2015.0,14000.0,Petrol,265000.0
Toyota,Corolla,2006.0,40000.0,Petrol,160000.0
Hyundai,Eon,2017.0,1600.0,Petrol,300000.0
Tata,Sumo,2010.0,90000.0,Diesel,130000.0
Maruti,Suzuki,2011.0,58000.0,Diesel,250000.0
Volkswagen,Polo,2013.0,27000.0,Petrol,380000.0
Maruti,Suzuki,2003.0,60000.0,Petrol,42000.0
Tata,Tiago,2017.0,31000.0,Petrol,400000.0
Maruti,Suzuki,2009.0,90000.0,Diesel,120000.0
Maruti,Suzuki,2009.0,90000.0,Diesel,120000.0
Tata,Indigo,2016.0,150000.0,Diesel,130000.0
Chevrolet,Beat,2014.0,31000.0,Diesel,189000.0
Mahindra,Xylo,2011.0,43000.0,Diesel,365000.0
Hyundai,Eon,2013.0,20000.0,Petrol,170000.0
Tata,Sumo,2013.0,100000.0,Petrol,215000.0
Tata,Nano,2013.0,7000.0,Petrol,60000.0
Hyundai,Elite,2017.0,31000.0,Petrol,599999.0
Hyundai,i10,2009.0,33000.0,Petrol,400000.0
Hyundai,Creta,2016.0,60000.0,Diesel,900000.0
Volkswagen,Polo,2013.0,48000.0,Diesel,299999.0
Maruti,Suzuki,2014.0,33000.0,Petrol,374999.0
Tata,Bolt,2015.0,15000.0,Petrol,600000.0
Maruti,Suzuki,2005.0,47000.0,Petrol,70000.0
Maruti,Suzuki,2005.0,40000.0,Petrol,100000.0
Maruti,Suzuki,2010.0,38000.0,Diesel,150000.0
Maruti,Suzuki,2017.0,12500.0,Petrol,225000.0
Maruti,Suzuki,2009.0,42000.0,Petrol,210000.0
Hyundai,i20,2014.0,31000.0,Petrol,425000.0
Maruti,Suzuki,2008.0,60000.0,Diesel,162000.0
Tata,Indica,2005.0,80000.0,Diesel,60000.0
Mahindra,Scorpio,2014.0,77000.0,Diesel,650000.0
Toyota,Innova,2012.0,75000.0,Diesel,750000.0
Mahindra,Xylo,2010.0,40000.0,Diesel,375000.0
Hyundai,i20,2011.0,47000.0,Petrol,230000.0
Maruti,Suzuki,2000.0,60000.0,Petrol,35999.0
Mahindra,KUV100,2016.0,26500.0,Petrol,380000.0
Mahindra,KUV100,2019.0,2875.0,Petrol,560000.0
Datsun,Go,2016.0,13900.0,Petrol,285000.0
Ford,Endeavor,2019.0,9000.0,Diesel,2900000.0
Tata,Indica,2005.0,80000.0,Diesel,39999.0
Hyundai,Santro,2006.0,60000.0,Petrol,85000.0
Maruti,Suzuki,2016.0,20000.0,Petrol,395000.0
Maruti,Suzuki,2008.0,58000.0,Diesel,175000.0
Maruti,Suzuki,2019.0,1500.0,Petrol,400000.0
Toyota,Innova,2011.0,75000.0,Diesel,750000.0
Maruti,Suzuki,2016.0,2450.0,Petrol,250000.0
Maruti,Suzuki,2019.0,1625.0,Petrol,425000.0
Volkswagen,Polo,2017.0,45000.0,Petrol,525000.0
Mahindra,Logan,2009.0,65000.0,Diesel,130000.0
Maruti,Suzuki,2000.0,33400.0,Petrol,30000.0
Mahindra,Scorpio,2011.0,60123.0,Diesel,475000.0
Chevrolet,Sail,2013.0,28000.0,Petrol,300000.0
Hyundai,Santro,2003.0,70000.0,Petrol,60000.0
Maruti,Suzuki,2006.0,7000.0,Petrol,100000.0
Hyundai,Eon,2018.0,25000.0,Petrol,260000.0
Tata,Manza,2015.0,100000.0,Diesel,100000.0
Toyota,Etios,2013.0,42000.0,Petrol,265000.0
Hyundai,Getz,2009.0,20000.0,Petrol,115000.0
Toyota,Qualis,2003.0,100000.0,Diesel,180000.0
Hyundai,Santro,2004.0,137495.0,Petrol,45000.0
Tata,Indica,2016.0,91200.0,Diesel,50500.0
Honda,City,2009.0,55000.0,Petrol,270000.0
Tata,Zest,2017.0,120000.0,Diesel,290000.0
Mahindra,Quanto,2013.0,63000.0,Diesel,325000.0
Tata,Indigo,2016.0,104000.0,Diesel,160000.0
Maruti,Suzuki,2016.0,146000.0,Diesel,350000.0
Hyundai,Elite,2011.0,40000.0,Petrol,290000.0
Hyundai,i20,2011.0,40000.0,Petrol,290000.0
Chevrolet,Tavera,2007.0,100800.0,Diesel,465000.0
Maruti,Suzuki,2016.0,150000.0,Diesel,325000.0
Hyundai,Elite,2018.0,2100.0,Petrol,510000.0
Honda,City,2016.0,95000.0,Petrol,860000.0
Maruti,Suzuki,2016.0,2500.0,Diesel,450000.0
Hyundai,Getz,2006.0,80000.0,Petrol,125000.0
Mercedes,Benz,2006.0,15000.0,Petrol,500001.0
Maruti,Suzuki,2005.0,65000.0,Petrol,95000.0
Maruti,Suzuki,2009.0,51000.0,Diesel,250000.0
Skoda,Fabia,2009.0,45000.0,Petrol,110000.0
Maruti,Suzuki,2011.0,50000.0,Petrol,270000.0
Tata,Indica,2009.0,30000.0,Diesel,110000.0
Toyota,Corolla,2009.0,132000.0,Petrol,300000.0
Tata,Zest,2018.0,27000.0,Diesel,260000.0
Mahindra,Quanto,2013.0,40000.0,Diesel,390000.0
